{
  "version": 2,
  "builds": [
    {
      "src": "server/index.js",
      "use": "@vercel/node"
    },
    {
      "src": "client/package.json",
      "use": "@vercel/static-build",
      "config": {
        "distDir": "build"
      }
    }
  ],
  "routes": [
    {
      "src": "/api/(.*)",
      "dest": "server/index.js"
    },
    {
      "src": "/(.*)",
      "dest": "client/build/$1"
    }
  ],
  "env": {
    "MONGODB_URI": "@mongodb_uri",
    "JWT_SECRET": "@jwt_secret",
    "GMAIL_CLIENT_ID": "@gmail_client_id",
    "GMAIL_CLIENT_SECRET": "@gmail_client_secret"
  }
}